﻿pos_x,pos_y,rotation,side,designator,mpn,pack,footprint,value,mount_type
65.92,-50.92,-90.0,top,C1,,,CP_Radial_D18.0mm_P7.50mm,4700uF,tht
83.82,-109.22,90.0,top,C10,,,C_Rect_L7.0mm_W3.5mm_P5.00mm,1uF,tht
25.4,-124.46,-90.0,top,C11,,,C_Rect_L7.0mm_W3.5mm_P5.00mm,1uF,tht
50.8,-129.46,90.0,top,C13,,,C_Rect_L7.0mm_W3.5mm_P5.00mm,1uF,tht
86.36,-50.92,-90.0,top,C2,,,CP_Radial_D18.0mm_P7.50mm,4700uF,tht
106.68,-50.92,-90.0,top,C3,,,CP_Radial_D18.0mm_P7.50mm,4700uF,tht
66.04,-76.32,-90.0,top,C4,,,CP_Radial_D18.0mm_P7.50mm,4700uF,tht
86.36,-76.32,-90.0,top,C5,,,CP_Radial_D18.0mm_P7.50mm,4700uF,tht
106.68,-76.32,-90.0,top,C6,,,CP_Radial_D18.0mm_P7.50mm,4700uF,tht
25.4,-104.14,-90.0,top,C7,,,C_Rect_L7.0mm_W3.5mm_P5.00mm,1uF,tht
50.8,-104.22,-90.0,top,C8,,,C_Rect_L7.0mm_W3.5mm_P5.00mm,1uF,tht
58.5,-109.22,90.0,top,C9,,,C_Rect_L7.0mm_W3.5mm_P5.00mm,1uF,tht
50.8,-50.8,180.0,top,D1,,,D_DO-41_SOD81_P10.16mm_Horizontal,1N4007,tht
40.64,-55.88,0.0,top,D2,,,D_DO-41_SOD81_P10.16mm_Horizontal,1N4007,tht
50.8,-78.74,180.0,top,D3,,,D_DO-41_SOD81_P10.16mm_Horizontal,1N4007,tht
40.64,-83.82,0.0,top,D4,,,D_DO-41_SOD81_P10.16mm_Horizontal,1N4007,tht
33.02,-93.726,0.0,top,D5,,,D_DO-41_SOD81_P10.16mm_Horizontal,1N4007,tht
33.02,-114.554,0.0,top,D6,,,D_DO-41_SOD81_P10.16mm_Horizontal,1N4007,tht
85.12,-121.37,180.0,top,F1,,,Fuse_Bourns_MF-RHT200,1A Polyfuse,tht
84.87,-115.87,180.0,top,F2,,,Fuse_Bourns_MF-RHT200,1A Polyfuse,tht
80.27,-125.97,0.0,top,F3,,,Fuse_Bourns_MF-RHT200,1A Polyfuse,tht
27.94,-63.5,-90.0,top,J1,,,JST_NV_B03P-NV_1x03_P5.00mm_Vertical,Screw_Terminal_01x03,tht
40.64,-66.04,90.0,top,J2,,,PinSocket_2x02_P2.54mm_Vertical,SW_DIP_x02,tht
99.06,-127.0,180.0,top,J3,,,IDC-Header_2x08_P2.54mm_Vertical,Conn_02x08_Odd_Even,tht
112.12,-121.42,90.0,top,J4,,,JST_NV_B04P-NV_1x04_P5.00mm_Vertical,Power out,tht
35.56,-106.68,0.0,top,U1,,,TO-220-3_Vertical,LM7812,tht
68.58,-106.68,0.0,top,U2,,,TO-220-3_Vertical,LM7912,tht
35.56,-127.0,0.0,top,U3,,,TO-220-3_Vertical,LM7805,tht
