﻿Designator,Quantity,Value,Footprint,Package,MPN,Mount_Type
"C1, C2, C3, C4, C5, C6",6,4700uF,CP_Radial_D18.0mm_P7.50mm,,,tht
"C10, C11, C13, C7, C8, C9",6,1uF,C_Rect_L7.0mm_W3.5mm_P5.00mm,,,tht
"D1, D2, D3, D4, D5, D6",6,1N4007,D_DO-41_SOD81_P10.16mm_Horizontal,,,tht
"F1, F2, F3",3,1A Polyfuse,Fuse_Bourns_MF-RHT200,,,tht
J1,1,Screw_Terminal_01x03,JST_NV_B03P-NV_1x03_P5.00mm_Vertical,,,tht
J2,1,SW_DIP_x02,PinSocket_2x02_P2.54mm_Vertical,,,tht
J3,1,Conn_02x08_Odd_Even,IDC-Header_2x08_P2.54mm_Vertical,,,tht
J4,1,Power out,JST_NV_B04P-NV_1x04_P5.00mm_Vertical,,,tht
U1,1,LM7812,TO-220-3_Vertical,,,tht
U2,1,LM7912,TO-220-3_Vertical,,,tht
U3,1,LM7805,TO-220-3_Vertical,,,tht
